Model,BorderlineSMOTE,CostSensitive,NearMissV2,SMOTEENN,SMOTETomek
DecisionTree,0.9913793103448276,0.9870689655172413,0.3706896551724138,0.9741379310344828,0.978448275862069
KNN,0.9870689655172413,0.9870689655172413,0.9568965517241379,0.9353448275862069,0.9482758620689655
LogisticRegression,0.9181034482758621,0.9181034482758621,0.4525862068965517,0.9482758620689655,0.9396551724137931
RandomForest,0.9870689655172413,0.9870689655172413,0.34051724137931033,0.9913793103448276,0.9913793103448276
SVM,0.9612068965517241,0.9612068965517241,0.3232758620689655,0.9568965517241379,0.9655172413793104
